{
  "id": "1163084",
  "name": "xiaohuang",
  "font_family": "iconfont",
  "css_prefix_text": "icon-",
  "description": "",
  "glyphs": [
    {
      "icon_id": "1252037",
      "name": "对话框1",
      "font_class": "duihuakuang1",
      "unicode": "e69c",
      "unicode_decimal": 59036
    },
    {
      "icon_id": "1510324",
      "name": "设置",
      "font_class": "set",
      "unicode": "e608",
      "unicode_decimal": 58888
    },
    {
      "icon_id": "1601778",
      "name": "轨迹",
      "font_class": "guiji",
      "unicode": "e65d",
      "unicode_decimal": 58973
    },
    {
      "icon_id": "7865396",
      "name": "饼干",
      "font_class": "food-cookie",
      "unicode": "e601",
      "unicode_decimal": 58881
    },
    {
      "icon_id": "7865401",
      "name": "甜甜圈",
      "font_class": "food-doughnut",
      "unicode": "e602",
      "unicode_decimal": 58882
    },
    {
      "icon_id": "7865408",
      "name": "棒冰",
      "font_class": "food-popsicle",
      "unicode": "e604",
      "unicode_decimal": 58884
    },
    {
      "icon_id": "7865409",
      "name": "蛋黄酥",
      "font_class": "food-eggyolkcake",
      "unicode": "e605",
      "unicode_decimal": 58885
    },
    {
      "icon_id": "7865411",
      "name": "蛋糕",
      "font_class": "food-cake",
      "unicode": "e606",
      "unicode_decimal": 58886
    },
    {
      "icon_id": "12466774",
      "name": "c",
      "font_class": "c",
      "unicode": "e603",
      "unicode_decimal": 58883
    },
    {
      "icon_id": "12466863",
      "name": "sina",
      "font_class": "sina",
      "unicode": "e607",
      "unicode_decimal": 58887
    },
    {
      "icon_id": "12466934",
      "name": "celan",
      "font_class": "celan",
      "unicode": "e60b",
      "unicode_decimal": 58891
    }
  ]
}
